z1,z2,rolling_corr,rolling_corr_ma
0.7777777777777778,0.6388888888888888,,
0.855,0.68,1.0000000000001152,
0.3125,1.75,-0.9864864822183798,
0.7777777777777778,0.6388888888888888,,
0.855,0.68,1.0000000000001152,
0.6666666666666666,0.8472222222222222,-0.8211004090203288,
0.84375,0.7670454545454546,-0.6042436204730829,
0.7777777777777778,0.6388888888888888,,
0.855,0.68,1.0000000000001152,
0.6666666666666666,0.8472222222222222,-0.8211004090203288,
0.84375,0.7670454545454546,-0.6042436204730829,
0.7824074074074074,0.8287037037037037,-0.5431517292950357,
0.7803030303030303,0.8295454545454546,-0.5169348640026051,
